budget,genres,homepage,id,keywords,original_language,original_title,overview,popularity,production_companies,production_countries,release_date,revenue,runtime,spoken_languages,status,tagline,title,vote_average,vote_count
300000000,"[{""id"": 12, ""name"": ""Adventure""}, {""id"": 14, ""name"": ""Fantasy""}]",http://disney.go.com/disneypictures/pirates/,285,"[{""id"": 270, ""name"": ""ocean""}]",en,Pirates of the Caribbean: At World's End,"Captain Barbossa, long believed to be dead, has come back to life and is headed to the edge of the Earth with Will Turner and Elizabeth Swann. But nothing is quite as it seems.",139.082615,"[{""name"": ""Walt Disney Pictures"", ""id"": 2}]","[{""iso_3166_1"": ""US"", ""name"": ""United States of America""}]",2007-05-19,961000000,169,"[{""iso_639_1"": ""en"", ""name"": ""English""}]",,"At the end of the world, the adventure begins.",Pirates of the Caribbean: At World's End,6.9,4500
237000000,"[{""id"": 28, ""name"": ""Action""}, {""id"": 12, ""name"": ""Adventure""}, {""id"": 14, ""name"": ""Fantasy""}, {""id"": 878, ""name"": ""Science Fiction""}]",http://www.avatarmovie.com/,19995,"[{""id"": 1463, ""name"": ""culture clash""}, {""id"": 2964, ""name"": ""future""}, {""id"": 3386, ""name"": ""space war""}, {""id"": 3388, ""name"": ""space colony""}, {""id"": 3679, ""name"": ""society""}, {""id"": 3801, ""name"": ""space travel""}, {""id"": 9685, ""name"": ""futuristic""}, {""id"": 9840, ""name"": ""romance""}, {""id"": 9882, ""name"": ""space""}, {""id"": 9951, ""name"": ""alien""}, {""id"": 10148, ""name"": ""tribe""}, {""id"": 10158, ""name"": ""alien planet""}, {""id"": 10987, ""name"": ""cgi""}, {""id"": 11399, ""name"": ""marine""}, {""id"": 13065, ""name"": ""soldier""}, {""id"": 14643, ""name"": ""battle""}, {""id"": 14720, ""name"": ""love affair""}, {""id"": 165431, ""name"": ""anti war""}, {""id"": 193554, ""name"": ""power relations""}, {""id"": 206690, ""name"": ""mind and soul""}, {""id"": 209714, ""name"": ""3d""}]",en,Avatar,"In the 22nd century, a paraplegic Marine is dispatched to the moon Pandora on a unique mission, but becomes torn between following orders and protecting an alien civilization.",150.437577,"[{""name"": ""Ingenious Film Partners"", ""id"": 289}, {""name"": ""Columbia Pictures"", ""id"": 306}, {""name"": ""Dune Entertainment"", ""id"": 444}, {""name"": ""Lightstorm Entertainment"", ""id"": 574}]","[{""iso_3166_1"": ""US"", ""name"": ""United States of America""}, {""iso_3166_1"": ""GB"", ""name"": ""United Kingdom""}]",2009-12-10,2787965087,162,"[{""iso_639_1"": ""en"", ""name"": ""English""}, {""iso_639_1"": ""es"", ""name"": ""Espa\u00f1ol""}]",Released,Enter the World of Pandora.,Avatar,7.2,11800
245000000,"[{""id"": 28, ""name"": ""Action""}, {""id"": 12, ""name"": ""Adventure""}, {""id"": 80, ""name"": ""Crime""}]",http://www.sonypictures.com/movies/spectre/,206647,"[{""id"": 470, ""name"": ""spy""}, {""id"": 818, ""name"": ""based on novel""}, {""id"": 4289, ""name"": ""secret agent""}, {""id"": 9663, ""name"": ""sequel""}, {""id"": 14555, ""name"": ""mi6""}, {""id"": 156095, ""name"": ""british secret service""}, {""id"": 158431, ""name"": ""united kingdom""}]",en,Spectre,"A cryptic message from Bond’s past sends him on a trail to uncover a sinister organization. While M battles political forces to keep the secret service alive, Bond peels back the layers of deceit to reveal the terrible truth behind SPECTRE.",107.376788,"[{""name"": ""Columbia Pictures"", ""id"": 5}, {""name"": ""Danjaq"", ""id"": 10761}, {""name"": ""B24"", ""id"": 69434}]","[{""iso_3166_1"": ""GB"", ""name"": ""United Kingdom""}, {""iso_3166_1"": ""US"", ""name"": ""United States of America""}]",2015-10-26,880674609,148,"[{""iso_639_1"": ""fr"", ""name"": ""Fran\u00e7ais""}, {""iso_639_1"": ""en"", ""name"": ""English""}, {""iso_639_1"": ""es"", ""name"": ""Espa\u00f1ol""}, {""iso_639_1"": ""it"", ""name"": ""Italiano""}, {""iso_639_1"": ""de"", ""name"": ""Deutsch""}]",Released,A Plan No One Escapes,Spectre,6.3,4466
250000000,"[{""id"": 28, ""name"": ""Action""}, {""id"": 80, ""name"": ""Crime""}, {""id"": 18, ""name"": ""Drama""}, {""id"": 53, ""name"": ""Thriller""}]",http://www.thedarkknightrises.com/,49026,"[{""id"": 849, ""name"": ""dc comics""}, {""id"": 853, ""name"": ""crime fighter""}, {""id"": 949, ""name"": ""terrorist""}, {""id"": 1308, ""name"": ""secret identity""}, {""id"": 1437, ""name"": ""burglar""}, {""id"": 3051, ""name"": ""hostage drama""}, {""id"": 3562, ""name"": ""time bomb""}, {""id"": 6969, ""name"": ""gotham city""}, {""id"": 7002, ""name"": ""vigilante""}, {""id"": 9665, ""name"": ""cover-up""}, {""id"": 9715, ""name"": ""superhero""}, {""id"": 9990, ""name"": ""villainess""}, {""id"": 10044, ""name"": ""tragic hero""}, {""id"": 13015, ""name"": ""terrorism""}, {""id"": 14796, ""name"": ""destruction""}, {""id"": 18933, ""name"": ""catwoman""}, {""id"": 156082, ""name"": ""cat burglar""}, {""id"": 156395, ""name"": ""imax""}, {""id"": 173272, ""name"": ""flood""}, {""id"": 179093, ""name"": ""criminal underworld""}, {""id"": 230775, ""name"": ""batman""}]",en,The Dark Knight Rises,"Following the death of District Attorney Harvey Dent, Batman assumes responsibility for Dent's crimes to protect the late attorney's reputation and is subsequently hunted by the Gotham City Police Department. Eight years later, Batman encounters the mysterious Selina Kyle and the villainous Bane, a new terrorist leader who overwhelms Gotham's finest. The Dark Knight resurfaces to protect a city that has branded him an enemy.",112.31295,"[{""name"": ""Columbia Pictures"", ""id"": 923}, {""name"": ""Warner Bros."", ""id"": 6194}, {""name"": ""DC Entertainment"", ""id"": 9993}, {""name"": ""Syncopy"", ""id"": 9996}]","[{""iso_3166_1"": ""US"", ""name"": ""United States of America""}]",2012-07-16,1084939099,165,"[{""iso_639_1"": ""en"", ""name"": ""English""}]",Released,The Legend Ends,The Dark Knight Rises,7.6,9106
260000000,"[{""id"": 28, ""name"": ""Action""}, {""id"": 12, ""name"": ""Adventure""}, {""id"": 878, ""name"": ""Science Fiction""}]",http://movies.disney.com/john-carter,49529,"[{""id"": 818, ""name"": ""based on novel""}, {""id"": 839, ""name"": ""mars""}, {""id"": 1456, ""name"": ""medallion""}, {""id"": 3801, ""name"": ""space travel""}, {""id"": 7376, ""name"": ""princess""}, {""id"": 9951, ""name"": ""alien""}, {""id"": 10028, ""name"": ""steampunk""}, {""id"": 10539, ""name"": ""martian""}, {""id"": 10685, ""name"": ""escape""}, {""id"": 161511, ""name"": ""edgar rice burroughs""}, {""id"": 163252, ""name"": ""alien race""}, {""id"": 179102, ""name"": ""superhuman strength""}, {""id"": 190320, ""name"": ""mars civilization""}, {""id"": 195446, ""name"": ""sword and planet""}, {""id"": 207928, ""name"": ""19th century""}, {""id"": 209714, ""name"": ""3d""}]",en,John Carter,"John Carter is a war-weary, former military captain who's inexplicably transported to the mysterious and exotic planet of Barsoom (Mars) and reluctantly becomes embroiled in an epic conflict. It's a world on the brink of collapse, and Carter rediscovers his humanity when he realizes the survival of Barsoom and its people rests in his hands.",43.926995,"[{""name"": ""Walt Disney Pictures"", ""id"": 2}]","[{""iso_3166_1"": ""US"", ""name"": ""United States of America""}]",2012-03-07,284139100,132,"[{""iso_639_1"": ""en"", ""name"": ""English""}]",Released,"Lost in our world, found in another.",John Carter,6.1,2124
258000000,"[{""id"": 14, ""name"": ""Fantasy""}, {""id"": 28, ""name"": ""Action""}, {""id"": 12, ""name"": ""Adventure""}]",http://www.sonypictures.com/movies/spider-man3/,559,"[{""id"": 851, ""name"": ""dual identity""}, {""id"": 1453, ""name"": ""amnesia""}, {""id"": 1965, ""name"": ""sandstorm""}, {""id"": 2038, ""name"": ""love of one's life""}, {""id"": 3446, ""name"": ""forgiveness""}, {""id"": 3986, ""name"": ""spider""}, {""id"": 4391, ""name"": ""wretch""}, {""id"": 4959, ""name"": ""death of a friend""}, {""id"": 5776, ""name"": ""egomania""}, {""id"": 5789, ""name"": ""sand""}, {""id"": 5857, ""name"": ""narcism""}, {""id"": 6062, ""name"": ""hostility""}, {""id"": 8828, ""name"": ""marvel comic""}, {""id"": 9663, ""name"": ""sequel""}, {""id"": 9715, ""name"": ""superhero""}, {""id"": 9748, ""name"": ""revenge""}]",en,Spider-Man 3,"The seemingly invincible Spider-Man goes up against an all-new crop of villain – including the shape-shifting Sandman. While Spider-Man’s superpowers are altered by an alien organism, his alter ego, Peter Parker, deals with nemesis Eddie Brock and also gets caught up in a love triangle.",115.699814,"[{""name"": ""Columbia Pictures"", ""id"": 5}, {""name"": ""Laura Ziskin Productions"", ""id"": 326}, {""name"": ""Marvel Enterprises"", ""id"": 19551}]","[{""iso_3166_1"": ""US"", ""name"": ""United States of America""}]",2007-05-01,890871626,139,"[{""iso_639_1"": ""en"", ""name"": ""English""}, {""iso_639_1"": ""fr"", ""name"": ""Fran\u00e7ais""}]",Released,The battle within.,Spider-Man 3,5.9,3576
260000000,"[{""id"": 16, ""name"": ""Animation""}, {""id"": 10751, ""name"": ""Family""}]",http://disney.go.com/disneypictures/tangled/,38757,"[{""id"": 1562, ""name"": ""hostage""}, {""id"": 2343, ""name"": ""magic""}, {""id"": 2673, ""name"": ""horse""}, {""id"": 3205, ""name"": ""fairy tale""}, {""id"": 4344, ""name"": ""musical""}, {""id"": 7376, ""name"": ""princess""}, {""id"": 10336, ""name"": ""animation""}, {""id"": 33787, ""name"": ""tower""}, {""id"": 155658, ""name"": ""blonde woman""}, {""id"": 162219, ""name"": ""selfishness""}, {""id"": 163545, ""name"": ""healing power""}, {""id"": 179411, ""name"": ""based on fairy tale""}, {""id"": 179431, ""name"": ""duringcreditsstinger""}, {""id"": 215258, ""name"": ""healing gift""}, {""id"": 234183, ""name"": ""animal sidekick""}]",en,Tangled,"When the kingdom's most wanted-and most charming-bandit Flynn Rider hides out in a mysterious tower, he's taken hostage by Rapunzel, a beautiful and feisty tower-bound teen with 70 feet of magical, golden hair. Flynn's curious captor, who's looking for her ticket out of the tower where she's been locked away for years, strikes a deal with the handsome thief and the unlikely duo sets off on an action-packed escapade, complete with a super-cop horse, an over-protective chameleon and a gruff gang of pub thugs.",48.681969,"[{""name"": ""Walt Disney Pictures"", ""id"": 2}, {""name"": ""Columbia Pictures"", ""id"": 6125}]","[{""iso_3166_1"": ""US"", ""name"": ""United States of America""}]",2010-11-24,591794936,100,"[{""iso_639_1"": ""en"", ""name"": ""English""}]",Released,They're taking adventure to new lengths.,Tangled,7.4,3330
280000000,"[{""id"": 28, ""name"": ""Action""}, {""id"": 12, ""name"": ""Adventure""}, {""id"": 878, ""name"": ""Science Fiction""}]",http://marvel.com/movies/movie/193/avengers_age_of_ultron,99861,"[{""id"": 8828, ""name"": ""marvel comic""}, {""id"": 9663, ""name"": ""sequel""}, {""id"": 9715, ""name"": ""superhero""}, {""id"": 9717, ""name"": ""based on comic book""}, {""id"": 10629, ""name"": ""vision""}, {""id"": 155030, ""name"": ""superhero team""}, {""id"": 179431, ""name"": ""duringcreditsstinger""}, {""id"": 180547, ""name"": ""marvel cinematic universe""}, {""id"": 209714, ""name"": ""3d""}]",en,Avengers: Age of Ultron,"When Tony Stark tries to jumpstart a dormant peacekeeping program, things go awry and Earth’s Mightiest Heroes are put to the ultimate test as the fate of the planet hangs in the balance. As the villainous Ultron emerges, it is up to The Avengers to stop him from enacting his terrible plans, and soon uneasy alliances and unexpected action pave the way for an epic and unique global adventure.",134.279229,"[{""name"": ""Marvel Studios"", ""id"": 420}, {""name"": ""Prime Focus"", ""id"": 15357}, {""name"": ""Revolution Sun Studios"", ""id"": 76043}]","[{""iso_3166_1"": ""US"", ""name"": ""United States of America""}]",2015-04-22,1405403694,141,"[{""iso_639_1"": ""en"", ""name"": ""English""}]",Released,A New Age Has Come.,Avengers: Age of Ultron,7.3,6767
250000000,"[{""id"": 12, ""name"": ""Adventure""}, {""id"": 14, ""name"": ""Fantasy""}, {""id"": 10751, ""name"": ""Family""}]",http://harrypotter.warnerbros.com/harrypotterandthehalf-bloodprince/dvd/index.html,767,"[{""id"": 616, ""name"": ""witch""}, {""id"": 2343, ""name"": ""magic""}, {""id"": 3872, ""name"": ""broom""}, {""id"": 3884, ""name"": ""school of witchcraft""}, {""id"": 6333, ""name"": ""wizardry""}, {""id"": 10164, ""name"": ""apparition""}, {""id"": 10791, ""name"": ""teenage crush""}, {""id"": 12564, ""name"": ""werewolf""}]",en,Harry Potter and the Half-Blood Prince,"As Harry begins his sixth year at Hogwarts, he discovers an old book marked as 'Property of the Half-Blood Prince', and begins to learn more about Lord Voldemort's dark past.",98.885637,"[{""name"": ""Warner Bros."", ""id"": 6194}, {""name"": ""Heyday Films"", ""id"": 7364}]","[{""iso_3166_1"": ""GB"", ""name"": ""United Kingdom""}, {""iso_3166_1"": ""US"", ""name"": ""United States of America""}]",2009-07-07,933959197,153,"[{""iso_639_1"": ""en"", ""name"": ""English""}]",Released,Dark Secrets Revealed,Harry Potter and the Half-Blood Prince,7.4,5293
250000000,"[{""id"": 28, ""name"": ""Action""}, {""id"": 12, ""name"": ""Adventure""}, {""id"": 14, ""name"": ""Fantasy""}]",http://www.batmanvsupermandawnofjustice.com/,209112,"[{""id"": 849, ""name"": ""dc comics""}, {""id"": 7002, ""name"": ""vigilante""}, {""id"": 9715, ""name"": ""superhero""}, {""id"": 9717, ""name"": ""based on comic book""}, {""id"": 9748, ""name"": ""revenge""}, {""id"": 163455, ""name"": ""super powers""}, {""id"": 195242, ""name"": ""clark kent""}, {""id"": 195243, ""name"": ""bruce wayne""}, {""id"": 229266, ""name"": ""dc extended universe""}]",en,Batman v Superman: Dawn of Justice,"Fearing the actions of a god-like Super Hero left unchecked, Gotham City’s own formidable, forceful vigilante takes on Metropolis’s most revered, modern-day savior, while the world wrestles with what sort of hero it really needs. And with Batman and Superman at war with one another, a new threat quickly arises, putting mankind in greater danger than it’s ever known before.",155.790452,"[{""name"": ""DC Comics"", ""id"": 429}, {""name"": ""Atlas Entertainment"", ""id"": 507}, {""name"": ""Warner Bros."", ""id"": 6194}, {""name"": ""DC Entertainment"", ""id"": 9993}, {""name"": ""Cruel & Unusual Films"", ""id"": 9995}, {""name"": ""Columbia Pictures"", ""id"": 41624}]","[{""iso_3166_1"": ""US"", ""name"": ""United States of America""}]",2016-03-23,873260194,151,"[{""iso_639_1"": ""en"", ""name"": ""English""}]",Released,Justice or revenge,Batman v Superman: Dawn of Justice,5.7,7004
270000000,"[{""id"": 12, ""name"": ""Adventure""}, {""id"": 14, ""name"": ""Fantasy""}, {""id"": 28, ""name"": ""Action""}, {""id"": 878, ""name"": ""Science Fiction""}]",http://www.superman.com,1452,"[{""id"": 83, ""name"": ""saving the world""}, {""id"": 849, ""name"": ""dc comics""}, {""id"": 8872, ""name"": ""invulnerability""}, {""id"": 9663, ""name"": ""sequel""}, {""id"": 9715, ""name"": ""superhero""}, {""id"": 9717, ""name"": ""based on comic book""}, {""id"": 163420, ""name"": ""kryptonite""}, {""id"": 163455, ""name"": ""super powers""}, {""id"": 179102, ""name"": ""superhuman strength""}, {""id"": 202526, ""name"": ""lex luthor""}]",en,Superman Returns,"Superman returns to discover his 5-year absence has allowed Lex Luthor to walk free, and that those he was closest too felt abandoned and have moved on. Luthor plots his ultimate revenge that could see millions killed and change the face of the planet forever, as well as ridding himself of the Man of Steel.",57.925623,"[{""name"": ""DC Comics"", ""id"": 429}, {""name"": ""Legendary Pictures"", ""id"": 923}, {""name"": ""Warner Bros."", ""id"": 6194}, {""name"": ""Columbia Pictures"", ""id"": 9168}]","[{""iso_3166_1"": ""US"", ""name"": ""United States of America""}]",2006-06-28,391081192,154,"[{""iso_639_1"": ""en"", ""name"": ""English""}, {""iso_639_1"": ""fr"", ""name"": ""Fran\u00e7ais""}, {""iso_639_1"": ""de"", ""name"": ""Deutsch""}]",Released,,Superman Returns,5.4,1400
200000000,"[{""id"": 12, ""name"": ""Adventure""}, {""id"": 28, ""name"": ""Action""}, {""id"": 53, ""name"": ""Thriller""}, {""id"": 80, ""name"": ""Crime""}]",http://www.mgm.com/view/movie/234/Quantum-of-Solace/,10764,"[{""id"": 627, ""name"": ""killing""}, {""id"": 1568, ""name"": ""undercover""}, {""id"": 4289, ""name"": ""secret agent""}, {""id"": 156095, ""name"": ""british secret service""}]",en,Quantum of Solace,"Quantum of Solace continues the adventures of James Bond after Casino Royale. Betrayed by Vesper, the woman he loved, 007 fights the urge to make his latest mission personal. Pursuing his determination to uncover the truth, Bond and M interrogate Mr. White, who reveals that the organization that blackmailed Vesper is far more complex and dangerous than anyone had imagined.",107.928811,"[{""name"": ""Eon Productions"", ""id"": 7576}]","[{""iso_3166_1"": ""GB"", ""name"": ""United Kingdom""}, {""iso_3166_1"": ""US"", ""name"": ""United States of America""}]",2008-10-30,586090727,106,"[{""iso_639_1"": ""en"", ""name"": ""English""}, {""iso_639_1"": ""es"", ""name"": ""Espa\u00f1ol""}, {""iso_639_1"": ""it"", ""name"": ""Italiano""}, {""iso_639_1"": ""fr"", ""name"": ""Fran\u00e7ais""}, {""iso_639_1"": ""de"", ""name"": ""Deutsch""}]",Released,"For love, for hate, for justice, for revenge.",Quantum of Solace,6.1,2965
200000000,"[{""id"": 12, ""name"": ""Adventure""}, {""id"": 14, ""name"": ""Fantasy""}, {""id"": 28, ""name"": ""Action""}]",http://disney.go.com/disneypictures/pirates/,58,"[{""id"": 616, ""name"": ""witch""}, {""id"": 663, ""name"": ""fortune teller""}, {""id"": 910, ""name"": ""bondage""}, {""id"": 911, ""name"": ""exotic island""}, {""id"": 1299, ""name"": ""monster""}, {""id"": 1316, ""name"": ""captain""}, {""id"": 1317, ""name"": ""card game""}, {""id"": 1319, ""name"": ""east india trading company""}, {""id"": 1461, ""name"": ""compass""}, {""id"": 3799, ""name"": ""ship""}, {""id"": 5600, ""name"": ""daughter""}, {""id"": 12988, ""name"": ""pirate""}, {""id"": 157186, ""name"": ""swashbuckler""}, {""id"": 179430, ""name"": ""aftercreditsstinger""}]",en,Pirates of the Caribbean: Dead Man's Chest,"Captain Jack Sparrow works his way out of a blood debt with the ghostly Davey Jones, he also attempts to avoid eternal damnation.",145.847379,"[{""name"": ""Walt Disney Pictures"", ""id"": 2}, {""name"": ""Jerry Bruckheimer Films"", ""id"": 130}, {""name"": ""Second Mate Productions"", ""id"": 19936}]","[{""iso_3166_1"": ""JM"", ""name"": ""Jamaica""}, {""iso_3166_1"": ""US"", ""name"": ""United States of America""}, {""iso_3166_1"": ""BS"", ""name"": ""Bahamas""}, {""iso_3166_1"": ""DM"", ""name"": ""Dominica""}]",2006-06-20,1065659812,151,"[{""iso_639_1"": ""en"", ""name"": ""English""}, {""iso_639_1"": ""tr"", ""name"": ""T\u00fcrk\u00e7e""}, {""iso_639_1"": ""el"", ""name"": ""\u03b5\u03bb\u03bb\u03b7\u03bd\u03b9\u03ba\u03ac""}, {""iso_639_1"": ""zh"", ""name"": ""\u666e\u901a\u8bdd""}]",Released,Jack is back!,Pirates of the Caribbean: Dead Man's Chest,7.0,5246
255000000,"[{""id"": 28, ""name"": ""Action""}, {""id"": 12, ""name"": ""Adventure""}, {""id"": 37, ""name"": ""Western""}]",http://disney.go.com/the-lone-ranger/,57201,"[{""id"": 1556, ""name"": ""texas""}, {""id"": 2673, ""name"": ""horse""}, {""id"": 5385, ""name"": ""survivor""}, {""id"": 5901, ""name"": ""texas ranger""}, {""id"": 9104, ""name"": ""partner""}, {""id"": 9503, ""name"": ""outlaw""}, {""id"": 10685, ""name"": ""escape""}, {""id"": 10909, ""name"": ""lawyer""}, {""id"": 13008, ""name"": ""train""}, {""id"": 178867, ""name"": ""lone ranger""}, {""id"": 179419, ""name"": ""comanche""}, {""id"": 222787, ""name"": ""the lone ranger""}, {""id"": 228232, ""name"": ""tonto""}]",en,The Lone Ranger,"The Texas Rangers chase down a gang of outlaws led by Butch Cavendish, but the gang ambushes the Rangers, seemingly killing them all. One survivor is found, however, by an American Indian named Tonto, who nurses him back to health. The Ranger, donning a mask and riding a white stallion named Silver, teams up with Tonto to bring the unscrupulous gang and others of that ilk to justice.",49.046956,"[{""name"": ""Walt Disney Pictures"", ""id"": 2}, {""name"": ""Jerry Bruckheimer Films"", ""id"": 130}, {""name"": ""Infinitum Nihil"", ""id"": 2691}, {""name"": ""Silver Bullet Productions (II)"", ""id"": 37380}, {""name"": ""Blind Wink Productions"", ""id"": 37381}, {""name"": ""Classic Media"", ""id"": 37382}]","[{""iso_3166_1"": ""US"", ""name"": ""United States of America""}]",2013-07-03,89289910,149,"[{""iso_639_1"": ""en"", ""name"": ""English""}]",Released,Never Take Off the Mask,The Lone Ranger,5.9,2311
225000000,"[{""id"": 28, ""name"": ""Action""}, {""id"": 12, ""name"": ""Adventure""}, {""id"": 14, ""name"": ""Fantasy""}, {""id"": 878, ""name"": ""Science Fiction""}]",http://www.manofsteel.com/,49521,"[{""id"": 83, ""name"": ""saving the world""}, {""id"": 849, ""name"": ""dc comics""}, {""id"": 9715, ""name"": ""superhero""}, {""id"": 9717, ""name"": ""based on comic book""}, {""id"": 10761, ""name"": ""superhuman""}, {""id"": 14909, ""name"": ""alien invasion""}, {""id"": 161184, ""name"": ""reboot""}, {""id"": 163455, ""name"": ""super powers""}, {""id"": 229266, ""name"": ""dc extended universe""}]",en,Man of Steel,"A young boy learns that he has extraordinary powers and is not of this earth. As a young man, he journeys to discover where he came from and what he was sent here to do. But the hero in him must emerge if he is to save the world from annihilation and become the symbol of hope for all mankind.",99.398009,"[{""name"": ""Legendary Pictures"", ""id"": 923}, {""name"": ""Warner Bros."", ""id"": 6194}, {""name"": ""DC Entertainment"", ""id"": 9993}, {""name"": ""Syncopy"", ""id"": 9996}, {""name"": ""Cruel and Unusual Films"", ""id"": 78685}]","[{""iso_3166_1"": ""GB"", ""name"": ""United Kingdom""}, {""iso_3166_1"": ""US"", ""name"": ""United States of America""}]",2013-06-12,662845518,143,"[{""iso_639_1"": ""en"", ""name"": ""English""}]",Released,You will believe that a man can fly.,Man of Steel,6.5,6359
225000000,"[{""id"": 12, ""name"": ""Adventure""}, {""id"": 10751, ""name"": ""Family""}, {""id"": 14, ""name"": ""Fantasy""}]",,2454,"[{""id"": 818, ""name"": ""based on novel""}, {""id"": 855, ""name"": ""fictional place""}, {""id"": 1155, ""name"": ""brother sister relationship""}, {""id"": 2043, ""name"": ""lion""}, {""id"": 3714, ""name"": ""human being""}, {""id"": 4391, ""name"": ""wretch""}, {""id"": 4820, ""name"": ""leap in time""}, {""id"": 5144, ""name"": ""matter of life and death""}, {""id"": 6150, ""name"": ""faith""}, {""id"": 6464, ""name"": ""uncle""}, {""id"": 166930, ""name"": ""narnia""}, {""id"": 170362, ""name"": ""fantasy world""}]",en,The Chronicles of Narnia: Prince Caspian,"One year after their incredible adventures in the Lion, the Witch and the Wardrobe, Peter, Edmund, Lucy and Susan Pevensie return to Narnia to aid a young prince whose life has been threatened by the evil King Miraz. Now, with the help of a colorful cast of new characters, including Trufflehunter the badger and Nikabrik the dwarf, the Pevensie clan embarks on an incredible quest to ensure that Narnia is returned to its rightful heir.",53.978602,"[{""name"": ""Walt Disney"", ""id"": 5888}, {""name"": ""Walden Media"", ""id"": 10221}, {""name"": ""Stillking Films"", ""id"": 11345}, {""name"": ""Ozumi Films"", ""id"": 11440}, {""name"": ""Propeler"", ""id"": 11441}, {""name"": ""Silverbell Films"", ""id"": 11442}, {""name"": ""Revolution Sun Studios"", ""id"": 76043}]","[{""iso_3166_1"": ""CZ"", ""name"": ""Czech Republic""}, {""iso_3166_1"": ""PL"", ""name"": ""Poland""}, {""iso_3166_1"": ""SI"", ""name"": ""Slovenia""}, {""iso_3166_1"": ""US"", ""name"": ""United States of America""}]",2008-05-15,419651413,150,"[{""iso_639_1"": ""en"", ""name"": ""English""}]",Released,Hope has a new face.,The Chronicles of Narnia: Prince Caspian,6.3,1630
220000000,"[{""id"": 878, ""name"": ""Science Fiction""}, {""id"": 28, ""name"": ""Action""}, {""id"": 12, ""name"": ""Adventure""}]",http://marvel.com/avengers_movie/,24428,"[{""id"": 242, ""name"": ""new york""}, {""id"": 5539, ""name"": ""shield""}, {""id"": 8828, ""name"": ""marvel comic""}, {""id"": 9715, ""name"": ""superhero""}, {""id"": 9717, ""name"": ""based on comic book""}, {""id"": 14909, ""name"": ""alien invasion""}, {""id"": 155030, ""name"": ""superhero team""}, {""id"": 179430, ""name"": ""aftercreditsstinger""}, {""id"": 179431, ""name"": ""duringcreditsstinger""}, {""id"": 180547, ""name"": ""marvel cinematic universe""}]",en,The Avengers,"When an unexpected enemy emerges and threatens global safety and security, Nick Fury, director of the international peacekeeping agency known as S.H.I.E.L.D., finds himself in need of a team to pull the world back from the brink of disaster. Spanning the globe, a daring recruitment effort begins!",144.448633,"[{""name"": ""Paramount Pictures"", ""id"": 4}, {""name"": ""Marvel Studios"", ""id"": 420}]","[{""iso_3166_1"": ""US"", ""name"": ""United States of America""}]",2012-04-25,1519557910,143,"[{""iso_639_1"": ""en"", ""name"": ""English""}]",Released,Some assembly required.,The Avengers,7.4,11776
380000000,"[{""id"": 12, ""name"": ""Adventure""}, {""id"": 28, ""name"": ""Action""}, {""id"": 14, ""name"": ""Fantasy""}]",http://disney.go.com/pirates/index-on-stranger-tides.html#/video/,1865,"[{""id"": 658, ""name"": ""sea""}, {""id"": 1316, ""name"": ""captain""}, {""id"": 1860, ""name"": ""mutiny""}, {""id"": 1938, ""name"": ""sword""}, {""id"": 2569, ""name"": ""prime minister""}, {""id"": 3180, ""name"": ""sailing""}, {""id"": 3625, ""name"": ""silver""}, {""id"": 3799, ""name"": ""ship""}, {""id"": 4235, ""name"": ""duke""}, {""id"": 5938, ""name"": ""mermaid""}, {""id"": 12988, ""name"": ""pirate""}, {""id"": 13065, ""name"": ""soldier""}, {""id"": 14643, ""name"": ""battle""}, {""id"": 157186, ""name"": ""swashbuckler""}, {""id"": 179430, ""name"": ""aftercreditsstinger""}, {""id"": 209714, ""name"": ""3d""}]",en,Pirates of the Caribbean: On Stranger Tides,"Captain Jack Sparrow crosses paths with a woman from his past, and he's not sure if it's love -- or if she's a ruthless con artist who's using him to find the fabled Fountain of Youth. When she forces him aboard the Queen Anne's Revenge, the ship of the formidable pirate Blackbeard, Jack finds himself on an unexpected adventure in which he doesn't know who to fear more: Blackbeard or the woman from his past.",135.413856,"[{""name"": ""Walt Disney Pictures"", ""id"": 2}, {""name"": ""Jerry Bruckheimer Films"", ""id"": 130}, {""name"": ""Moving Picture Company (MPC)"", ""id"": 20478}]","[{""iso_3166_1"": ""US"", ""name"": ""United States of America""}]",2011-05-14,1045713802,136,"[{""iso_639_1"": ""en"", ""name"": ""English""}, {""iso_639_1"": ""es"", ""name"": ""Espa\u00f1ol""}]",Released,Live Forever Or Die Trying.,Pirates of the Caribbean: On Stranger Tides,6.4,4948
225000000,"[{""id"": 28, ""name"": ""Action""}, {""id"": 35, ""name"": ""Comedy""}, {""id"": 878, ""name"": ""Science Fiction""}]",http://www.sonypictures.com/movies/meninblack3/,41154,"[{""id"": 4379, ""name"": ""time travel""}, {""id"": 5455, ""name"": ""time machine""}, {""id"": 9951, ""name"": ""alien""}, {""id"": 174915, ""name"": ""fictional government agency""}, {""id"": 185668, ""name"": ""seeing the future""}, {""id"": 208756, ""name"": ""changing history""}]",en,Men in Black 3,"Agents J (Will Smith) and K (Tommy Lee Jones) are back...in time. J has seen some inexplicable things in his 15 years with the Men in Black, but nothing, not even aliens, perplexes him as much as his wry, reticent partner. But when K's life and the fate of the planet are put at stake, Agent J will have to travel back in time to put things right. J discovers that there are secrets to the universe that K never told him - secrets that will reveal themselves as he teams up with the young Agent K (Josh Brolin) to save his partner, the agency, and the future of humankind.",52.035179,"[{""name"": ""Amblin Entertainment"", ""id"": 56}, {""name"": ""Columbia Pictures"", ""id"": 5627}, {""name"": ""Imagenation Abu Dhabi FZ"", ""id"": 6736}, {""name"": ""Hemisphere Media Capital"", ""id"": 9169}, {""name"": ""Parkes/MacDonald Productions"", ""id"": 11084}]","[{""iso_3166_1"": ""US"", ""name"": ""United States of America""}]",2012-05-23,624026776,106,"[{""iso_639_1"": ""en"", ""name"": ""English""}]",Released,They are back... in time.,Men in Black 3,6.2,4160
250000000,"[{""id"": 28, ""name"": ""Action""}, {""id"": 12, ""name"": ""Adventure""}, {""id"": 14, ""name"": ""Fantasy""}]",http://www.thehobbit.com/,122917,"[{""id"": 417, ""name"": ""corruption""}, {""id"": 603, ""name"": ""elves""}, {""id"": 604, ""name"": ""dwarves""}, {""id"": 606, ""name"": ""orcs""}, {""id"": 609, ""name"": ""middle-earth (tolkien)""}, {""id"": 611, ""name"": ""hobbit""}, {""id"": 12554, ""name"": ""dragon""}, {""id"": 14643, ""name"": ""battle""}, {""id"": 167982, ""name"": ""unlikely friendship""}, {""id"": 188270, ""name"": ""epic battle""}, {""id"": 234213, ""name"": ""sword and sorcery""}]",en,The Hobbit: The Battle of the Five Armies,"Immediately after the events of The Desolation of Smaug, Bilbo and the dwarves try to defend Erebor's mountain of treasure from others who claim it: the men of the ruined Laketown and the elves of Mirkwood. Meanwhile an army of Orcs led by Azog the Defiler is marching on Erebor, fueled by the rise of the dark lord Sauron. Dwarves, elves and men must unite, and the hope for Middle-Earth falls into Bilbo's hands.",120.965743,"[{""name"": ""WingNut Films"", ""id"": 11}, {""name"": ""Columbia Pictures"", ""id"": 12}, {""name"": ""Warner Bros. Pictures"", ""id"": 174}, {""name"": ""3Foot7"", ""id"": 7413}, {""name"": ""Metro-Goldwyn-Mayer (MGM)"", ""id"": 8411}]","[{""iso_3166_1"": ""NZ"", ""name"": ""New Zealand""}, {""iso_3166_1"": ""US"", ""name"": ""United States of America""}]",2014-12-10,956019788,144,"[{""iso_639_1"": ""en"", ""name"": ""English""}]",Released,Witness the defining chapter of the Middle-Earth saga,The Hobbit: The Battle of the Five Armies,7.1,4760
215000000,"[{""id"": 28, ""name"": ""Action""}, {""id"": 12, ""name"": ""Adventure""}, {""id"": 14, ""name"": ""Fantasy""}]",http://www.theamazingspiderman.com,1930,"[{""id"": 1872, ""name"": ""loss of father""}, {""id"": 7002, ""name"": ""vigilante""}, {""id"": 8803, ""name"": ""serum""}, {""id"": 8828, ""name"": ""marvel comic""}, {""id"": 156855, ""name"": ""scientific experiment""}, {""id"": 158124, ""name"": ""spider bite""}, {""id"": 158456, ""name"": ""masked vigilante""}, {""id"": 161184, ""name"": ""reboot""}, {""id"": 163455, ""name"": ""super powers""}, {""id"": 163561, ""name"": ""genetic engineering""}, {""id"": 171556, ""name"": ""social outcast""}, {""id"": 179431, ""name"": ""duringcreditsstinger""}]",en,The Amazing Spider-Man,"Peter Parker is an outcast high schooler abandoned by his parents as a boy, leaving him to be raised by his Uncle Ben and Aunt May. Like most teenagers, Peter is trying to figure out who he is and how he got to be the person he is today. As Peter discovers a mysterious briefcase that belonged to his father, he begins a quest to understand his parents' disappearance – leading him directly to Oscorp and the lab of Dr. Curt Connors, his father's former partner. As Spider-Man is set on a collision course with Connors' alter ego, The Lizard, Peter will make life-altering choices to use his powers and shape his destiny to become a hero.",89.866276,"[{""name"": ""Columbia Pictures"", ""id"": 5}, {""name"": ""Laura Ziskin Productions"", ""id"": 326}, {""name"": ""Marvel Entertainment"", ""id"": 7505}]","[{""iso_3166_1"": ""US"", ""name"": ""United States of America""}]",2012-06-27,752215857,136,"[{""iso_639_1"": ""en"", ""name"": ""English""}]",Released,The untold story begins.,The Amazing Spider-Man,6.5,6586
200000000,"[{""id"": 28, ""name"": ""Action""}, {""id"": 12, ""name"": ""Adventure""}]",http://www.robinhoodthemovie.com/,20662,"[{""id"": 4147, ""name"": ""robin hood""}, {""id"": 4393, ""name"": ""archer""}, {""id"": 10466, ""name"": ""knight""}, {""id"": 11525, ""name"": ""sherwood forest""}, {""id"": 18101, ""name"": ""bow and arrow""}, {""id"": 41406, ""name"": ""middle ages""}, {""id"": 161257, ""name"": ""medieval""}, {""id"": 186686, ""name"": ""king of england""}]",en,Robin Hood,"When soldier Robin happens upon the dying Robert of Loxley, he promises to return the man's sword to his family in Nottingham. There, he assumes Robert's identity; romances his widow, Marion; and draws the ire of the town's sheriff and King John's henchman, Godfrey.",37.668301,"[{""name"": ""Imagine Entertainment"", ""id"": 23}, {""name"": ""Universal Pictures"", ""id"": 33}, {""name"": ""Scott Free Productions"", ""id"": 1645}, {""name"": ""Relativity Media"", ""id"": 7295}]","[{""iso_3166_1"": ""GB"", ""name"": ""United Kingdom""}, {""iso_3166_1"": ""US"", ""name"": ""United States of America""}]",2010-05-12,310669540,140,"[{""iso_639_1"": ""en"", ""name"": ""English""}, {""iso_639_1"": ""th"", ""name"": ""\u0e20\u0e32\u0e29\u0e32\u0e44\u0e17\u0e22""}]",Released,"Rise and rise again, until lambs become lions.",Robin Hood,6.2,1398
250000000,"[{""id"": 12, ""name"": ""Adventure""}, {""id"": 14, ""name"": ""Fantasy""}]",http://www.thehobbit.com/,57158,"[{""id"": 603, ""name"": ""elves""}, {""id"": 604, ""name"": ""dwarves""}, {""id"": 606, ""name"": ""orcs""}, {""id"": 611, ""name"": ""hobbit""}, {""id"": 12554, ""name"": ""dragon""}, {""id"": 177912, ""name"": ""wizard""}, {""id"": 234213, ""name"": ""sword and sorcery""}]",en,The Hobbit: The Desolation of Smaug,"The Dwarves, Bilbo and Gandalf have successfully escaped the Misty Mountains, and Bilbo has gained the One Ring. They all continue their journey to get their gold back from the Dragon, Smaug.",94.370564,"[{""name"": ""WingNut Films"", ""id"": 11}, {""name"": ""New Line Cinema"", ""id"": 12}, {""name"": ""Warner Bros. Pictures"", ""id"": 174}, {""name"": ""Metro-Goldwyn-Mayer (MGM)"", ""id"": 8411}]","[{""iso_3166_1"": ""NZ"", ""name"": ""New Zealand""}, {""iso_3166_1"": ""US"", ""name"": ""United States of America""}]",2013-12-11,958400000,161,"[{""iso_639_1"": ""en"", ""name"": ""English""}]",Released,Beyond darkness... beyond desolation... lies the greatest danger of all.,The Hobbit: The Desolation of Smaug,7.6,4524
180000000,"[{""id"": 12, ""name"": ""Adventure""}, {""id"": 14, ""name"": ""Fantasy""}]",http://www.goldencompassmovie.com/index_german.html,2268,"[{""id"": 392, ""name"": ""england""}, {""id"": 1461, ""name"": ""compass""}, {""id"": 1706, ""name"": ""experiment""}, {""id"": 2596, ""name"": ""lordship""}, {""id"": 6464, ""name"": ""uncle""}, {""id"": 6678, ""name"": ""polar bear""}, {""id"": 13014, ""name"": ""orphan""}, {""id"": 18165, ""name"": ""animal""}, {""id"": 223438, ""name"": ""based on young adult novel""}]",en,The Golden Compass,"After overhearing a shocking secret, precocious orphan Lyra Belacqua trades her carefree existence roaming the halls of Jordan College for an otherworldly adventure in the far North, unaware that it's part of her destiny.",42.990906,"[{""name"": ""New Line Cinema"", ""id"": 12}, {""name"": ""Ingenious Film Partners"", ""id"": 289}, {""name"": ""Depth of Field"", ""id"": 1473}, {""name"": ""Scholastic Productions"", ""id"": 1938}]","[{""iso_3166_1"": ""GB"", ""name"": ""United Kingdom""}, {""iso_3166_1"": ""US"", ""name"": ""United States of America""}]",2007-12-04,372234864,113,"[{""iso_639_1"": ""is"", ""name"": ""\u00cdslenska""}, {""iso_639_1"": ""en"", ""name"": ""English""}, {""iso_639_1"": ""ru"", ""name"": ""P\u0443\u0441\u0441\u043a\u0438\u0439""}, {""iso_639_1"": ""fr"", ""name"": ""Fran\u00e7ais""}]",Released,There are worlds beyond our own - the compass will show the way.,The Golden Compass,5.8,1303
207000000,"[{""id"": 12, ""name"": ""Adventure""}, {""id"": 18, ""name"": ""Drama""}, {""id"": 28, ""name"": ""Action""}]",,254,"[{""id"": 774, ""name"": ""film business""}, {""id"": 776, ""name"": ""screenplay""}, {""id"": 837, ""name"": ""show business""}, {""id"": 886, ""name"": ""film making""}, {""id"": 887, ""name"": ""film producer""}, {""id"": 911, ""name"": ""exotic island""}, {""id"": 1299, ""name"": ""monster""}, {""id"": 1551, ""name"": ""indigenous""}, {""id"": 3799, ""name"": ""ship""}, {""id"": 12616, ""name"": ""dinosaur""}]",en,King Kong,"In 1933 New York, an overly ambitious movie producer coerces his cast and hired ship crew to travel to mysterious Skull Island, where they encounter Kong, a giant ape who is immediately smitten with the leading lady.",61.22601,"[{""name"": ""WingNut Films"", ""id"": 11}, {""name"": ""Universal Pictures"", ""id"": 33}, {""name"": ""Big Primate Pictures"", ""id"": 68}, {""name"": ""MFPV Film"", ""id"": 69}]","[{""iso_3166_1"": ""NZ"", ""name"": ""New Zealand""}, {""iso_3166_1"": ""US"", ""name"": ""United States of America""}, {""iso_3166_1"": ""DE"", ""name"": ""Germany""}]",2005-12-14,550000000,187,"[{""iso_639_1"": ""en"", ""name"": ""English""}]",Released,The eighth wonder of the world.,King Kong,6.6,2337
200000000,"[{""id"": 18, ""name"": ""Drama""}, {""id"": 10749, ""name"": ""Romance""}, {""id"": 53, ""name"": ""Thriller""}]",http://www.titanicmovie.com,597,"[{""id"": 2580, ""name"": ""shipwreck""}, {""id"": 2984, ""name"": ""iceberg""}, {""id"": 3799, ""name"": ""ship""}, {""id"": 4210, ""name"": ""panic""}, {""id"": 4388, ""name"": ""titanic""}, {""id"": 4953, ""name"": ""ocean liner""}, {""id"": 6917, ""name"": ""epic""}, {""id"": 7579, ""name"": ""rich woman - poor man""}, {""id"": 9673, ""name"": ""love""}, {""id"": 10617, ""name"": ""disaster""}, {""id"": 10703, ""name"": ""tragic love""}, {""id"": 14514, ""name"": ""class differences""}, {""id"": 156395, ""name"": ""imax""}, {""id"": 165086, ""name"": ""star crossed lovers""}, {""id"": 182615, ""name"": ""steerage""}, {""id"": 182621, ""name"": ""salvage""}, {""id"": 182625, ""name"": ""rich snob""}, {""id"": 209714, ""name"": ""3d""}, {""id"": 210184, ""name"": ""1910s""}]",en,Titanic,"84 years later, a 101-year-old woman named Rose DeWitt Bukater tells the story to her granddaughter Lizzy Calvert, Brock Lovett, Lewis Bodine, Bobby Buell and Anatoly Mikailavich on the Keldysh about her life set in April 10th 1912, on a ship called Titanic when young Rose boards the departing ship with the upper-class passengers and her mother, Ruth DeWitt Bukater, and her fiancé, Caledon Hockley. Meanwhile, a drifter and artist named Jack Dawson and his best friend Fabrizio De Rossi win third-class tickets to the ship in a game. And she explains the whole story from departure until the death of Titanic on its first and last voyage April 15th, 1912 at 2:20 in the morning.",100.025899,"[{""name"": ""Paramount Pictures"", ""id"": 4}, {""name"": ""Twentieth Century Fox Film Corporation"", ""id"": 306}, {""name"": ""Lightstorm Entertainment"", ""id"": 574}]","[{""iso_3166_1"": ""US"", ""name"": ""United States of America""}]",1997-11-18,1845034188,194,"[{""iso_639_1"": ""en"", ""name"": ""English""}, {""iso_639_1"": ""fr"", ""name"": ""Fran\u00e7ais""}, {""iso_639_1"": ""de"", ""name"": ""Deutsch""}, {""iso_639_1"": ""sv"", ""name"": ""svenska""}, {""iso_639_1"": ""it"", ""name"": ""Italiano""}, {""iso_639_1"": ""ru"", ""name"": ""P\u0443\u0441\u0441\u043a\u0438\u0439""}]",Released,Nothing on Earth could come between them.,Titanic,7.5,7562